{
  "type": "Article",
  "content": [
    {
      "type": "Paragraph",
      "content": [
        {
          "type": "Text",
          "value": {
            "string": "A link "
          }
        },
        {
          "type": "Link",
          "content": [
            {
              "type": "Text",
              "value": {
                "string": "example.org"
              }
            }
          ],
          "target": "https://example.org"
        },
        {
          "type": "Text",
          "value": {
            "string": "."
          }
        }
      ]
    },
    {
      "type": "Paragraph",
      "content": [
        {
          "type": "Text",
          "value": {
            "string": "With a title and styled content "
          }
        },
        {
          "type": "Link",
          "content": [
            {
              "type": "Strong",
              "content": [
                {
                  "type": "Text",
                  "value": {
                    "string": "example.org"
                  }
                }
              ]
            }
          ],
          "target": "https://example.org",
          "title": "a title"
        },
        {
          "type": "Text",
          "value": {
            "string": "."
          }
        }
      ]
    }
  ]
}