{
  "type": "Article",
  "content": [
    {
      "type": "Paragraph",
      "content": [
        {
          "type": "Text",
          "value": {
            "string": "Example using Markdown as canonical format to test alternative ways to write instruction blocks."
          }
        }
      ]
    },
    {
      "type": "Heading",
      "level": 1,
      "content": [
        {
          "type": "Text",
          "value": {
            "string": "New instruction"
          }
        }
      ]
    },
    {
      "type": "Paragraph",
      "content": [
        {
          "type": "Text",
          "value": {
            "string": "No content:"
          }
        }
      ]
    },
    {
      "type": "InstructionBlock",
      "instructionType": "New"
    },
    {
      "type": "Paragraph",
      "content": [
        {
          "type": "Text",
          "value": {
            "string": "Single block:"
          }
        }
      ]
    },
    {
      "type": "InstructionBlock",
      "instructionType": "New",
      "content": [
        {
          "type": "Paragraph",
          "content": [
            {
              "type": "Text",
              "value": {
                "string": "New paragraph #1"
              }
            }
          ]
        }
      ]
    },
    {
      "type": "Paragraph",
      "content": [
        {
          "type": "Text",
          "value": {
            "string": "Multiple blocks:"
          }
        }
      ]
    },
    {
      "type": "InstructionBlock",
      "instructionType": "New",
      "content": [
        {
          "type": "Paragraph",
          "content": [
            {
              "type": "Text",
              "value": {
                "string": "New paragraph #2"
              }
            }
          ]
        },
        {
          "type": "Paragraph",
          "content": [
            {
              "type": "Text",
              "value": {
                "string": "New paragraph #3"
              }
            }
          ]
        }
      ]
    },
    {
      "type": "Heading",
      "level": 1,
      "content": [
        {
          "type": "Text",
          "value": {
            "string": "Edit instruction"
          }
        }
      ]
    },
    {
      "type": "Paragraph",
      "content": [
        {
          "type": "Text",
          "value": {
            "string": "Edit next block:"
          }
        }
      ]
    },
    {
      "type": "InstructionBlock",
      "instructionType": "Edit",
      "content": [
        {
          "type": "Paragraph",
          "content": [
            {
              "type": "Text",
              "value": {
                "string": "Paragraph to edit #1"
              }
            }
          ]
        }
      ]
    },
    {
      "type": "Paragraph",
      "content": [
        {
          "type": "Text",
          "value": {
            "string": "Edit multiple blocks:"
          }
        }
      ]
    },
    {
      "type": "InstructionBlock",
      "instructionType": "Edit",
      "content": [
        {
          "type": "Paragraph",
          "content": [
            {
              "type": "Text",
              "value": {
                "string": "Paragraph to edit #4"
              }
            }
          ]
        },
        {
          "type": "Paragraph",
          "content": [
            {
              "type": "Text",
              "value": {
                "string": "Paragraph to edit #5"
              }
            }
          ]
        }
      ]
    },
    {
      "type": "Heading",
      "level": 1,
      "content": [
        {
          "type": "Text",
          "value": {
            "string": "Content other than paragraphs"
          }
        }
      ]
    },
    {
      "type": "InstructionBlock",
      "instructionType": "Edit",
      "message": {
        "type": "InstructionMessage",
        "parts": [
          {
            "type": "Text",
            "value": {
              "string": "improve this"
            }
          }
        ]
      },
      "content": [
        {
          "type": "CodeChunk",
          "code": {
            "string": ""
          },
          "programmingLanguage": "python"
        }
      ]
    },
    {
      "type": "InstructionBlock",
      "instructionType": "New",
      "message": {
        "type": "InstructionMessage",
        "parts": [
          {
            "type": "Text",
            "value": {
              "string": "admonition"
            }
          }
        ]
      },
      "content": [
        {
          "type": "QuoteBlock",
          "content": [
            {
              "type": "Paragraph",
              "content": [
                {
                  "type": "Text",
                  "value": {
                    "string": "![warning]\nThis is a warning"
                  }
                }
              ]
            }
          ]
        }
      ]
    },
    {
      "type": "Paragraph",
      "content": [
        {
          "type": "Text",
          "value": {
            "string": "Following para outside of instruction content."
          }
        }
      ]
    }
  ]
}