{
  "type": "Article",
  "content": [
    {
      "type": "Paragraph",
      "content": [
        {
          "type": "Text",
          "value": {
            "string": "This is "
          }
        },
        {
          "type": "Emphasis",
          "content": [
            {
              "type": "Text",
              "value": {
                "string": "emphasized"
              }
            }
          ]
        },
        {
          "type": "Text",
          "value": {
            "string": ", and this is "
          }
        },
        {
          "type": "Strong",
          "content": [
            {
              "type": "Text",
              "value": {
                "string": "strongly emphasized"
              }
            }
          ]
        },
        {
          "type": "Text",
          "value": {
            "string": ", and this is "
          }
        },
        {
          "type": "Underline",
          "content": [
            {
              "type": "Text",
              "value": {
                "string": "underlined"
              }
            }
          ]
        },
        {
          "type": "Text",
          "value": {
            "string": "."
          }
        }
      ]
    },
    {
      "type": "Paragraph",
      "content": [
        {
          "type": "Text",
          "value": {
            "string": "This is "
          }
        },
        {
          "type": "Subscript",
          "content": [
            {
              "type": "Text",
              "value": {
                "string": "subscripted"
              }
            }
          ]
        },
        {
          "type": "Text",
          "value": {
            "string": ", and this is "
          }
        },
        {
          "type": "Superscript",
          "content": [
            {
              "type": "Text",
              "value": {
                "string": "superscripted"
              }
            }
          ]
        },
        {
          "type": "Text",
          "value": {
            "string": ", and this is "
          }
        },
        {
          "type": "Strikeout",
          "content": [
            {
              "type": "Text",
              "value": {
                "string": "struck out"
              }
            }
          ]
        },
        {
          "type": "Text",
          "value": {
            "string": "."
          }
        }
      ]
    },
    {
      "type": "Paragraph",
      "content": [
        {
          "type": "Text",
          "value": {
            "string": "This paragraph tests escaping within marks. "
          }
        },
        {
          "type": "Emphasis",
          "content": [
            {
              "type": "Text",
              "value": {
                "string": "_ under_scores _"
              }
            }
          ]
        },
        {
          "type": "Text",
          "value": {
            "string": ", and "
          }
        },
        {
          "type": "Strong",
          "content": [
            {
              "type": "Text",
              "value": {
                "string": "* aster*isks *"
              }
            }
          ]
        },
        {
          "type": "Text",
          "value": {
            "string": "."
          }
        }
      ]
    }
  ]
}