{
  "type": "Article",
  "content": [
    {
      "type": "Figure",
      "content": [
        {
          "type": "Paragraph",
          "content": [
            {
              "type": "ImageObject",
              "contentUrl": "https://example.org/cat.jpg"
            }
          ]
        }
      ]
    },
    {
      "type": "Figure",
      "content": [
        {
          "type": "Paragraph",
          "content": [
            {
              "type": "ImageObject",
              "contentUrl": "https://example.org/dog.jpg"
            }
          ]
        }
      ],
      "label": "2",
      "labelAutomatically": false,
      "caption": [
        {
          "type": "Paragraph",
          "content": [
            {
              "type": "Text",
              "value": {
                "string": "A dog."
              }
            }
          ]
        }
      ]
    },
    {
      "type": "Section",
      "content": [
        {
          "type": "Figure",
          "content": [
            {
              "type": "Paragraph",
              "content": [
                {
                  "type": "ImageObject",
                  "contentUrl": "https://example.org/mouse.jpg"
                }
              ]
            }
          ],
          "caption": [
            {
              "type": "Paragraph",
              "content": [
                {
                  "type": "Text",
                  "value": {
                    "string": "A figure of a mouse inside a section."
                  }
                }
              ]
            }
          ]
        }
      ]
    }
  ]
}