{
  "type": "Article",
  "content": [
    {
      "type": "Paragraph",
      "content": [
        {
          "type": "Text",
          "value": {
            "string": "Some "
          }
        },
        {
          "type": "ReplaceInline",
          "suggestionStatus": "Proposed",
          "content": [
            {
              "type": "Text",
              "value": {
                "string": "old"
              }
            }
          ],
          "replacement": [
            {
              "type": "Text",
              "value": {
                "string": "new"
              }
            }
          ]
        },
        {
          "type": "Text",
          "value": {
            "string": " text."
          }
        }
      ]
    }
  ]
}