{
  "type": "Article",
  "content": [
    {
      "type": "Claim",
      "claimType": "Theorem",
      "content": [
        {
          "type": "Paragraph",
          "content": [
            {
              "type": "Text",
              "value": {
                "string": "A theorem"
              }
            }
          ]
        }
      ]
    },
    {
      "type": "Claim",
      "claimType": "Proposition",
      "label": "Proposition 1",
      "content": [
        {
          "type": "Paragraph",
          "content": [
            {
              "type": "Text",
              "value": {
                "string": "A proposition with a label"
              }
            }
          ]
        }
      ]
    }
  ]
}