{
  "type": "Article",
  "content": [
    {
      "type": "Paragraph",
      "content": [
        {
          "type": "Text",
          "value": {
            "string": "This example only has footnotes (not end or side notes) for compatibility with Markdown roundtrip conversions: "
          }
        },
        {
          "type": "Note",
          "noteType": "Footnote",
          "content": [
            {
              "type": "Paragraph",
              "content": [
                {
                  "type": "Text",
                  "value": {
                    "string": "A paragraph"
                  }
                }
              ]
            }
          ]
        },
        {
          "type": "Text",
          "value": {
            "string": ", a "
          }
        },
        {
          "type": "Note",
          "noteType": "Footnote",
          "content": [
            {
              "type": "Paragraph",
              "content": [
                {
                  "type": "Text",
                  "value": {
                    "string": "First paragraph."
                  }
                }
              ]
            },
            {
              "type": "Paragraph",
              "content": [
                {
                  "type": "Text",
                  "value": {
                    "string": "Second paragraph."
                  }
                }
              ]
            }
          ]
        },
        {
          "type": "Text",
          "value": {
            "string": ", a "
          }
        },
        {
          "type": "Note",
          "noteType": "Footnote",
          "content": [
            {
              "type": "Paragraph",
              "content": [
                {
                  "type": "Text",
                  "value": {
                    "string": "A paragraph."
                  }
                }
              ]
            },
            {
              "type": "CodeBlock",
              "code": {
                "string": "A code block"
              }
            },
            {
              "type": "QuoteBlock",
              "content": [
                {
                  "type": "Paragraph",
                  "content": [
                    {
                      "type": "Text",
                      "value": {
                        "string": "A quote block"
                      }
                    }
                  ]
                }
              ]
            }
          ]
        },
        {
          "type": "Text",
          "value": {
            "string": "."
          }
        }
      ]
    }
  ]
}