{
  "type": "Article",
  "content": [
    {
      "type": "Paragraph",
      "content": [
        {
          "type": "Text",
          "value": {
            "string": "This paragraph has a simple notes: "
          }
        },
        {
          "type": "Note",
          "noteType": "Footnote",
          "content": [
            {
              "type": "Paragraph",
              "content": [
                {
                  "type": "Text",
                  "value": {
                    "string": "A footnote"
                  }
                }
              ]
            }
          ]
        },
        {
          "type": "Text",
          "value": {
            "string": ", a "
          }
        },
        {
          "type": "Note",
          "noteType": "Endnote",
          "content": [
            {
              "type": "Paragraph",
              "content": [
                {
                  "type": "Text",
                  "value": {
                    "string": "An endnote"
                  }
                }
              ]
            }
          ]
        },
        {
          "type": "Text",
          "value": {
            "string": ", a "
          }
        },
        {
          "type": "Note",
          "noteType": "Sidenote",
          "content": [
            {
              "type": "Paragraph",
              "content": [
                {
                  "type": "Text",
                  "value": {
                    "string": "A side note"
                  }
                }
              ]
            }
          ]
        },
        {
          "type": "Text",
          "value": {
            "string": "."
          }
        }
      ]
    },
    {
      "type": "Paragraph",
      "content": [
        {
          "type": "Text",
          "value": {
            "string": "This paragraph has a more complex notes: "
          }
        },
        {
          "type": "Note",
          "noteType": "Footnote",
          "content": [
            {
              "type": "Paragraph",
              "content": [
                {
                  "type": "Text",
                  "value": {
                    "string": "A footnote with..."
                  }
                }
              ]
            },
            {
              "type": "Paragraph",
              "content": [
                {
                  "type": "Text",
                  "value": {
                    "string": "Another paragraph"
                  }
                }
              ]
            }
          ]
        },
        {
          "type": "Text",
          "value": {
            "string": ", a "
          }
        },
        {
          "type": "Note",
          "noteType": "Endnote",
          "content": [
            {
              "type": "Paragraph",
              "content": [
                {
                  "type": "Text",
                  "value": {
                    "string": "An endnote with..."
                  }
                }
              ]
            },
            {
              "type": "CodeBlock",
              "code": {
                "string": "A code block"
              }
            }
          ]
        },
        {
          "type": "Text",
          "value": {
            "string": ", a "
          }
        },
        {
          "type": "Note",
          "noteType": "Sidenote",
          "content": [
            {
              "type": "Paragraph",
              "content": [
                {
                  "type": "Text",
                  "value": {
                    "string": "A sidenote with..."
                  }
                }
              ]
            },
            {
              "type": "QuoteBlock",
              "content": [
                {
                  "type": "Paragraph",
                  "content": [
                    {
                      "type": "Text",
                      "value": {
                        "string": "A quote block"
                      }
                    }
                  ]
                }
              ]
            }
          ]
        },
        {
          "type": "Text",
          "value": {
            "string": "."
          }
        }
      ]
    }
  ]
}