{
  "type": "Article",
  "content": [
    {
      "type": "Paragraph",
      "content": [
        {
          "type": "Text",
          "value": {
            "string": "A "
          }
        },
        {
          "type": "StyledInline",
          "code": {
            "string": "text-green-600"
          },
          "content": [
            {
              "type": "Text",
              "value": {
                "string": "styled span"
              }
            }
          ]
        },
        {
          "type": "Text",
          "value": {
            "string": ", and one with language specified: "
          }
        },
        {
          "type": "StyledInline",
          "code": {
            "string": "color:red"
          },
          "styleLanguage": "css",
          "content": [
            {
              "type": "Text",
              "value": {
                "string": "CSS span"
              }
            }
          ]
        }
      ]
    },
    {
      "type": "Paragraph",
      "content": [
        {
          "type": "Text",
          "value": {
            "string": "Containing other spans "
          }
        },
        {
          "type": "StyledInline",
          "code": {
            "string": "text-blue-600"
          },
          "content": [
            {
              "type": "Text",
              "value": {
                "string": "blue "
              }
            },
            {
              "type": "StyledInline",
              "code": {
                "string": "text-red-600"
              },
              "content": [
                {
                  "type": "Text",
                  "value": {
                    "string": "red"
                  }
                }
              ]
            },
            {
              "type": "Text",
              "value": {
                "string": " blue"
              }
            }
          ]
        }
      ]
    },
    {
      "type": "Paragraph",
      "content": [
        {
          "type": "Text",
          "value": {
            "string": "Containing variable interpolations "
          }
        },
        {
          "type": "StyledInline",
          "code": {
            "string": "color: {{var1}}; padding: {{var2}}; margin: $var3"
          },
          "content": [
            {
              "type": "Text",
              "value": {
                "string": "styled"
              }
            }
          ]
        }
      ]
    }
  ]
}