{
  "type": "Article",
  "content": [
    {
      "type": "Paragraph",
      "content": [
        {
          "type": "Text",
          "value": {
            "string": "This article attempts to have at least one of each node type. Nodes are intentionally simple, see other examples for more variations."
          }
        }
      ]
    },
    {
      "type": "Paragraph",
      "content": [
        {
          "type": "Text",
          "value": {
            "string": "This is a paragraph with "
          }
        },
        {
          "type": "AudioObject",
          "contentUrl": "https://example.org/cat.mp3",
          "caption": [
            {
              "type": "Text",
              "value": {
                "string": "audio"
              }
            }
          ]
        },
        {
          "type": "Text",
          "value": {
            "string": ", "
          }
        },
        {
          "type": "CodeExpression",
          "code": {
            "string": "code expression"
          }
        },
        {
          "type": "Text",
          "value": {
            "string": ", "
          }
        },
        {
          "type": "CodeInline",
          "code": {
            "string": "inline code"
          }
        },
        {
          "type": "DeleteInline",
          "suggestionStatus": "Proposed",
          "content": [
            {
              "type": "Text",
              "value": {
                "string": ", delete"
              }
            }
          ]
        },
        {
          "type": "Text",
          "value": {
            "string": ", "
          }
        },
        {
          "type": "Emphasis",
          "content": [
            {
              "type": "Text",
              "value": {
                "string": "emphasis"
              }
            }
          ]
        },
        {
          "type": "Text",
          "value": {
            "string": ", "
          }
        },
        {
          "type": "ImageObject",
          "contentUrl": "https://example.org/cat.jpg",
          "caption": [
            {
              "type": "Text",
              "value": {
                "string": "image"
              }
            }
          ]
        },
        {
          "type": "InsertInline",
          "suggestionStatus": "Proposed",
          "content": [
            {
              "type": "Text",
              "value": {
                "string": ", insert"
              }
            }
          ]
        },
        {
          "type": "Text",
          "value": {
            "string": ", "
          }
        },
        {
          "type": "Link",
          "content": [
            {
              "type": "Text",
              "value": {
                "string": "link"
              }
            }
          ],
          "target": "https://example.org"
        },
        {
          "type": "Text",
          "value": {
            "string": ", "
          }
        },
        {
          "type": "MathInline",
          "code": {
            "string": "inline math"
          }
        },
        {
          "type": "Text",
          "value": {
            "string": ", "
          }
        },
        {
          "type": "Note",
          "noteType": "Footnote",
          "content": [
            {
              "type": "Paragraph",
              "content": [
                {
                  "type": "Text",
                  "value": {
                    "string": "A footnote"
                  }
                }
              ]
            }
          ]
        },
        {
          "type": "Text",
          "value": {
            "string": ", "
          }
        },
        {
          "type": "Parameter",
          "name": "parameter"
        },
        {
          "type": "Text",
          "value": {
            "string": ", "
          }
        },
        {
          "type": "QuoteInline",
          "content": [
            {
              "type": "Text",
              "value": {
                "string": "inline quote"
              }
            }
          ]
        },
        {
          "type": "ReplaceInline",
          "suggestionStatus": "Proposed",
          "content": [
            {
              "type": "Text",
              "value": {
                "string": ", old"
              }
            }
          ],
          "replacement": [
            {
              "type": "Text",
              "value": {
                "string": ", new"
              }
            }
          ]
        },
        {
          "type": "Text",
          "value": {
            "string": ", "
          }
        },
        {
          "type": "StyledInline",
          "code": {
            "string": "text-blue-400"
          },
          "content": [
            {
              "type": "Text",
              "value": {
                "string": "styled inline"
              }
            }
          ]
        },
        {
          "type": "Text",
          "value": {
            "string": ", "
          }
        },
        {
          "type": "Strikeout",
          "content": [
            {
              "type": "Text",
              "value": {
                "string": "strikeout"
              }
            }
          ]
        },
        {
          "type": "Text",
          "value": {
            "string": ", "
          }
        },
        {
          "type": "Strong",
          "content": [
            {
              "type": "Text",
              "value": {
                "string": "strong emphasis"
              }
            }
          ]
        },
        {
          "type": "Text",
          "value": {
            "string": ", "
          }
        },
        {
          "type": "Subscript",
          "content": [
            {
              "type": "Text",
              "value": {
                "string": "subscript"
              }
            }
          ]
        },
        {
          "type": "Text",
          "value": {
            "string": ", "
          }
        },
        {
          "type": "Superscript",
          "content": [
            {
              "type": "Text",
              "value": {
                "string": "superscript"
              }
            }
          ]
        },
        {
          "type": "Text",
          "value": {
            "string": ", "
          }
        },
        {
          "type": "Underline",
          "content": [
            {
              "type": "Text",
              "value": {
                "string": "underline"
              }
            }
          ]
        },
        {
          "type": "Text",
          "value": {
            "string": ", "
          }
        },
        {
          "type": "VideoObject",
          "contentUrl": "https://example.org/cat.mp4",
          "caption": [
            {
              "type": "Text",
              "value": {
                "string": "video"
              }
            }
          ]
        },
        {
          "type": "Text",
          "value": {
            "string": "."
          }
        }
      ]
    },
    {
      "type": "CallBlock",
      "source": "this/is/a/call",
      "arguments": []
    },
    {
      "type": "Claim",
      "claimType": "Statement",
      "content": [
        {
          "type": "Paragraph",
          "content": [
            {
              "type": "Text",
              "value": {
                "string": "This is a claim"
              }
            }
          ]
        }
      ]
    },
    {
      "type": "CodeBlock",
      "code": {
        "string": "This is a code block"
      }
    },
    {
      "type": "CodeChunk",
      "code": {
        "string": "This is a code chunk"
      }
    },
    {
      "type": "DeleteBlock",
      "suggestionStatus": "Proposed",
      "content": [
        {
          "type": "Paragraph",
          "content": [
            {
              "type": "Text",
              "value": {
                "string": "This paragraph is to be deleted"
              }
            }
          ]
        }
      ]
    },
    {
      "type": "Figure",
      "content": [
        {
          "type": "Paragraph",
          "content": [
            {
              "type": "Text",
              "value": {
                "string": "This is a figure"
              }
            }
          ]
        }
      ]
    },
    {
      "type": "ForBlock",
      "code": {
        "string": "items"
      },
      "variable": "item",
      "content": [
        {
          "type": "Paragraph",
          "content": [
            {
              "type": "Text",
              "value": {
                "string": "This is a for block"
              }
            }
          ]
        }
      ]
    },
    {
      "type": "Heading",
      "level": 1,
      "content": [
        {
          "type": "Text",
          "value": {
            "string": "This is a heading"
          }
        }
      ]
    },
    {
      "type": "IfBlock",
      "clauses": [
        {
          "type": "IfBlockClause",
          "code": {
            "string": "1 < 2"
          },
          "content": [
            {
              "type": "Paragraph",
              "content": [
                {
                  "type": "Text",
                  "value": {
                    "string": "This is an if block"
                  }
                }
              ]
            }
          ]
        }
      ]
    },
    {
      "type": "IncludeBlock",
      "source": "this/is/an/include"
    },
    {
      "type": "InsertBlock",
      "suggestionStatus": "Proposed",
      "content": [
        {
          "type": "Paragraph",
          "content": [
            {
              "type": "Text",
              "value": {
                "string": "This paragraph is to be inserted"
              }
            }
          ]
        }
      ]
    },
    {
      "type": "List",
      "items": [
        {
          "type": "ListItem",
          "content": [
            {
              "type": "Paragraph",
              "content": [
                {
                  "type": "Text",
                  "value": {
                    "string": "This is a list"
                  }
                }
              ]
            }
          ]
        }
      ],
      "order": "Unordered"
    },
    {
      "type": "MathBlock",
      "code": {
        "string": "This is a math block"
      }
    },
    {
      "type": "QuoteBlock",
      "content": [
        {
          "type": "Paragraph",
          "content": [
            {
              "type": "Text",
              "value": {
                "string": "This is a quote block"
              }
            }
          ]
        }
      ]
    },
    {
      "type": "ReplaceBlock",
      "suggestionStatus": "Proposed",
      "content": [
        {
          "type": "Paragraph",
          "content": [
            {
              "type": "Text",
              "value": {
                "string": "Old paragraph"
              }
            }
          ]
        }
      ],
      "replacement": [
        {
          "type": "Paragraph",
          "content": [
            {
              "type": "Text",
              "value": {
                "string": "New paragraph"
              }
            }
          ]
        }
      ]
    },
    {
      "type": "Section",
      "content": [
        {
          "type": "Paragraph",
          "content": [
            {
              "type": "Text",
              "value": {
                "string": "This is a section"
              }
            }
          ]
        }
      ]
    },
    {
      "type": "StyledBlock",
      "code": {
        "string": "text-red-800 bg-indigo-100"
      },
      "content": [
        {
          "type": "Paragraph",
          "content": [
            {
              "type": "Text",
              "value": {
                "string": "This is a styled block"
              }
            }
          ]
        }
      ]
    },
    {
      "type": "Table",
      "rows": [
        {
          "type": "TableRow",
          "cells": [
            {
              "type": "TableCell",
              "content": [
                {
                  "type": "Paragraph",
                  "content": [
                    {
                      "type": "Text",
                      "value": {
                        "string": "A"
                      }
                    }
                  ]
                }
              ]
            }
          ],
          "rowType": "HeaderRow"
        },
        {
          "type": "TableRow",
          "cells": [
            {
              "type": "TableCell",
              "content": [
                {
                  "type": "Paragraph",
                  "content": [
                    {
                      "type": "Text",
                      "value": {
                        "string": "1"
                      }
                    }
                  ]
                }
              ]
            }
          ]
        }
      ]
    },
    {
      "type": "ThematicBreak"
    }
  ]
}