{
  "type": "Article",
  "content": [
    {
      "type": "Paragraph",
      "content": [
        {
          "type": "Text",
          "value": {
            "string": "A boolean parameter "
          }
        },
        {
          "type": "Parameter",
          "name": "par_bool_1",
          "validator": {
            "type": "BooleanValidator"
          }
        },
        {
          "type": "Text",
          "value": {
            "string": ", with a default "
          }
        },
        {
          "type": "Parameter",
          "name": "par_bool_2",
          "default": true,
          "validator": {
            "type": "BooleanValidator"
          }
        },
        {
          "type": "Text",
          "value": {
            "string": ", with a default and value "
          }
        },
        {
          "type": "Parameter",
          "name": "par_bool_3",
          "value": true,
          "default": false,
          "validator": {
            "type": "BooleanValidator"
          }
        }
      ]
    },
    {
      "type": "Paragraph",
      "content": [
        {
          "type": "Text",
          "value": {
            "string": "An integer parameter "
          }
        },
        {
          "type": "Parameter",
          "name": "par_int_1",
          "validator": {
            "type": "IntegerValidator"
          }
        },
        {
          "type": "Text",
          "value": {
            "string": ", with a default "
          }
        },
        {
          "type": "Parameter",
          "name": "par_int_2",
          "default": 123,
          "validator": {
            "type": "IntegerValidator"
          }
        },
        {
          "type": "Text",
          "value": {
            "string": ", with a default and value "
          }
        },
        {
          "type": "Parameter",
          "name": "par_int_3",
          "value": 456,
          "default": 123,
          "validator": {
            "type": "IntegerValidator"
          }
        },
        {
          "type": "Text",
          "value": {
            "string": ", with min, max and mult options "
          }
        },
        {
          "type": "Parameter",
          "name": "par_int_4",
          "value": 45,
          "default": 123,
          "validator": {
            "type": "IntegerValidator",
            "minimum": -100.0,
            "maximum": 100.0,
            "multipleOf": 2.0
          }
        }
      ]
    },
    {
      "type": "Paragraph",
      "content": [
        {
          "type": "Text",
          "value": {
            "string": "A number parameter "
          }
        },
        {
          "type": "Parameter",
          "name": "par_num_1",
          "value": 4.5,
          "default": 1.23,
          "validator": {
            "type": "NumberValidator",
            "minimum": -10.1,
            "exclusiveMinimum": -10.1,
            "maximum": 10.1,
            "exclusiveMaximum": 10.1,
            "multipleOf": 2.2
          }
        }
      ]
    },
    {
      "type": "Paragraph",
      "content": [
        {
          "type": "Text",
          "value": {
            "string": "A string parameter "
          }
        },
        {
          "type": "Parameter",
          "name": "par_str_1",
          "value": "hi",
          "default": "hello",
          "validator": {
            "type": "StringValidator",
            "minLength": 0,
            "maxLength": 10,
            "pattern": "[a-z]+"
          }
        },
        {
          "type": "Text",
          "value": {
            "string": " with quotes in properties "
          }
        },
        {
          "type": "Parameter",
          "name": "par_str_2",
          "value": "a\"b",
          "default": "a\"b",
          "validator": {
            "type": "StringValidator",
            "pattern": "a\"b"
          }
        }
      ]
    },
    {
      "type": "Paragraph",
      "content": [
        {
          "type": "Text",
          "value": {
            "string": "A date parameter "
          }
        },
        {
          "type": "Parameter",
          "name": "par_date",
          "value": "2022-02-23",
          "default": "2022-02-22",
          "validator": {
            "type": "DateValidator",
            "minimum": {
              "type": "Date",
              "value": "2022-02-20"
            },
            "maximum": {
              "type": "Date",
              "value": "2022-02-24"
            }
          }
        }
      ]
    },
    {
      "type": "Paragraph",
      "content": [
        {
          "type": "Text",
          "value": {
            "string": "A time parameter "
          }
        },
        {
          "type": "Parameter",
          "name": "par_time",
          "value": "22:23",
          "default": "22:22",
          "validator": {
            "type": "TimeValidator",
            "minimum": {
              "type": "Time",
              "value": "22:20"
            },
            "maximum": {
              "type": "Time",
              "value": "22:24"
            }
          }
        }
      ]
    },
    {
      "type": "Paragraph",
      "content": [
        {
          "type": "Text",
          "value": {
            "string": "A date-time parameter "
          }
        },
        {
          "type": "Parameter",
          "name": "par_date_time",
          "value": "2022-02-22T22:23",
          "default": "2022-02-22T22:22",
          "validator": {
            "type": "DateTimeValidator",
            "minimum": {
              "type": "DateTime",
              "value": "2022-02-22T22:20"
            },
            "maximum": {
              "type": "DateTime",
              "value": "2022-02-22T22:24"
            }
          }
        }
      ]
    },
    {
      "type": "Paragraph",
      "content": [
        {
          "type": "Text",
          "value": {
            "string": "An enum parameter "
          }
        },
        {
          "type": "Parameter",
          "name": "par_enum",
          "value": "red",
          "default": "green",
          "validator": {
            "type": "EnumValidator",
            "values": [
              "blue",
              "red",
              "green"
            ]
          }
        }
      ]
    }
  ]
}