{
  "type": "Article",
  "content": [
    {
      "type": "Paragraph",
      "content": [
        {
          "type": "Text",
          "value": {
            "string": "A TeX equation "
          }
        },
        {
          "type": "MathInline",
          "code": {
            "string": "2 \\pi r^2"
          }
        },
        {
          "type": "Text",
          "value": {
            "string": "."
          }
        }
      ]
    },
    {
      "type": "Paragraph",
      "content": [
        {
          "type": "Text",
          "value": {
            "string": "An ASCIIMath equation "
          }
        },
        {
          "type": "MathInline",
          "code": {
            "string": "2 pi r^2"
          },
          "mathLanguage": "asciimath"
        },
        {
          "type": "Text",
          "value": {
            "string": "."
          }
        }
      ]
    },
    {
      "type": "Paragraph",
      "content": [
        {
          "type": "Text",
          "value": {
            "string": "A MathML equation "
          }
        },
        {
          "type": "MathInline",
          "code": {
            "string": "<math><mrow><mn>2</mn><mi>π</mi><msup><mi>r</mi><mn>2</mn></msup></mrow></math>"
          },
          "mathLanguage": "mathml"
        },
        {
          "type": "Text",
          "value": {
            "string": "."
          }
        }
      ]
    }
  ]
}