{
  "type": "Article",
  "content": [
    {
      "type": "Heading",
      "level": 1,
      "content": [
        {
          "type": "Text",
          "value": {
            "string": "Level 1"
          }
        }
      ]
    },
    {
      "type": "Heading",
      "level": 2,
      "content": [
        {
          "type": "Text",
          "value": {
            "string": "Level 2"
          }
        }
      ]
    },
    {
      "type": "Heading",
      "level": 3,
      "content": [
        {
          "type": "Text",
          "value": {
            "string": "Level 3"
          }
        }
      ]
    },
    {
      "type": "Heading",
      "level": 4,
      "content": [
        {
          "type": "Text",
          "value": {
            "string": "Level 4"
          }
        }
      ]
    },
    {
      "type": "Heading",
      "level": 5,
      "content": [
        {
          "type": "Text",
          "value": {
            "string": "Level 5"
          }
        }
      ]
    },
    {
      "type": "Heading",
      "level": 6,
      "content": [
        {
          "type": "Text",
          "value": {
            "string": "Level 6"
          }
        }
      ]
    },
    {
      "type": "Heading",
      "level": 1,
      "content": [
        {
          "type": "Text",
          "value": {
            "string": "With authors"
          }
        }
      ],
      "authors": [
        {
          "type": "Person",
          "givenNames": [
            "Alice"
          ]
        },
        {
          "type": "Person",
          "givenNames": [
            "Zoe"
          ]
        },
        {
          "type": "AuthorRole",
          "author": {
            "type": "SoftwareApplication",
            "name": "GPT"
          },
          "roleName": "Generator"
        }
      ]
    }
  ]
}