{
  "type": "Article",
  "content": [
    {
      "type": "Paragraph",
      "content": [
        {
          "type": "Text",
          "value": {
            "string": "Some "
          }
        },
        {
          "type": "DeleteInline",
          "suggestionStatus": "Proposed",
          "content": [
            {
              "type": "Text",
              "value": {
                "string": "deleted "
              }
            }
          ]
        },
        {
          "type": "Text",
          "value": {
            "string": "text."
          }
        }
      ]
    },
    {
      "type": "Paragraph",
      "content": [
        {
          "type": "Text",
          "value": {
            "string": "Several deleted inlines "
          }
        },
        {
          "type": "DeleteInline",
          "suggestionStatus": "Proposed",
          "content": [
            {
              "type": "Strong",
              "content": [
                {
                  "type": "Text",
                  "value": {
                    "string": "strongly emphasized"
                  }
                }
              ]
            },
            {
              "type": "Text",
              "value": {
                "string": " and "
              }
            },
            {
              "type": "Underline",
              "content": [
                {
                  "type": "Text",
                  "value": {
                    "string": "underlined"
                  }
                }
              ]
            },
            {
              "type": "Text",
              "value": {
                "string": " and "
              }
            },
            {
              "type": "CodeExpression",
              "code": {
                "string": "2 + 2"
              }
            }
          ]
        },
        {
          "type": "Text",
          "value": {
            "string": "."
          }
        }
      ]
    }
  ]
}