{
  "type": "Article",
  "content": [
    {
      "type": "Section",
      "content": [
        {
          "type": "Heading",
          "level": 1,
          "content": [
            {
              "type": "Text",
              "value": {
                "string": "Introduction"
              }
            }
          ]
        },
        {
          "type": "Paragraph",
          "content": [
            {
              "type": "Text",
              "value": {
                "string": "Sections will usually start with a header."
              }
            }
          ]
        }
      ]
    },
    {
      "type": "Section",
      "content": [
        {
          "type": "Heading",
          "level": 1,
          "content": [
            {
              "type": "Text",
              "value": {
                "string": "Nested sections"
              }
            }
          ]
        },
        {
          "type": "Section",
          "content": [
            {
              "type": "Heading",
              "level": 2,
              "content": [
                {
                  "type": "Text",
                  "value": {
                    "string": "Inner section"
                  }
                }
              ]
            },
            {
              "type": "Section",
              "content": [
                {
                  "type": "Heading",
                  "level": 3,
                  "content": [
                    {
                      "type": "Text",
                      "value": {
                        "string": "First inner-inner section"
                      }
                    }
                  ]
                },
                {
                  "type": "Paragraph",
                  "content": [
                    {
                      "type": "Text",
                      "value": {
                        "string": "This is the first inner-inner section"
                      }
                    }
                  ]
                }
              ]
            },
            {
              "type": "Section",
              "content": [
                {
                  "type": "Heading",
                  "level": 3,
                  "content": [
                    {
                      "type": "Text",
                      "value": {
                        "string": "Second inner-inner section"
                      }
                    }
                  ]
                },
                {
                  "type": "Paragraph",
                  "content": [
                    {
                      "type": "Text",
                      "value": {
                        "string": "This is the second inner-inner section"
                      }
                    }
                  ]
                }
              ]
            }
          ]
        }
      ]
    },
    {
      "type": "Section",
      "content": [
        {
          "type": "Paragraph",
          "content": [
            {
              "type": "Text",
              "value": {
                "string": "This is the header"
              }
            }
          ]
        }
      ],
      "sectionType": "Header"
    },
    {
      "type": "Section",
      "content": [
        {
          "type": "Paragraph",
          "content": [
            {
              "type": "Text",
              "value": {
                "string": "This is the introduction"
              }
            }
          ]
        }
      ],
      "sectionType": "Introduction"
    },
    {
      "type": "Section",
      "content": [
        {
          "type": "Paragraph",
          "content": [
            {
              "type": "Text",
              "value": {
                "string": "This is the discussion"
              }
            }
          ]
        }
      ],
      "sectionType": "Discussion"
    },
    {
      "type": "Section",
      "content": [
        {
          "type": "Paragraph",
          "content": [
            {
              "type": "Text",
              "value": {
                "string": "This is the footer"
              }
            }
          ]
        }
      ],
      "sectionType": "Footer"
    }
  ]
}