{
  "type": "Article",
  "content": [
    {
      "type": "Paragraph",
      "content": [
        {
          "type": "Text",
          "value": {
            "string": "An example of an article with automatic numbering (setting the "
          }
        },
        {
          "type": "CodeInline",
          "code": {
            "string": "label"
          }
        },
        {
          "type": "Text",
          "value": {
            "string": " property) for "
          }
        },
        {
          "type": "CodeInline",
          "code": {
            "string": "Table"
          }
        },
        {
          "type": "Text",
          "value": {
            "string": ", "
          }
        },
        {
          "type": "CodeInline",
          "code": {
            "string": "Figure"
          }
        },
        {
          "type": "Text",
          "value": {
            "string": " and "
          }
        },
        {
          "type": "CodeInline",
          "code": {
            "string": "CodeChunk"
          }
        },
        {
          "type": "Text",
          "value": {
            "string": " nodes."
          }
        }
      ]
    },
    {
      "type": "Paragraph",
      "content": [
        {
          "type": "Text",
          "value": {
            "string": "A figure, it should be labelled as Figure one."
          }
        }
      ]
    },
    {
      "type": "Figure",
      "content": [
        {
          "type": "Paragraph",
          "content": [
            {
              "type": "ImageObject",
              "contentUrl": "https://placehold.co/300x200/orange/white"
            }
          ]
        }
      ],
      "caption": [
        {
          "type": "Paragraph",
          "content": [
            {
              "type": "Text",
              "value": {
                "string": "Some white text on orange an background."
              }
            }
          ]
        }
      ]
    },
    {
      "type": "Paragraph",
      "content": [
        {
          "type": "Text",
          "value": {
            "string": "Another figure that is actually a code chunk that produces a plot:"
          }
        }
      ]
    },
    {
      "type": "CodeChunk",
      "code": {
        "string": "plot(1:10)"
      },
      "programmingLanguage": "r",
      "labelType": "FigureLabel",
      "caption": [
        {
          "type": "Paragraph",
          "content": [
            {
              "type": "Text",
              "value": {
                "string": "A plot."
              }
            }
          ]
        }
      ]
    },
    {
      "type": "Paragraph",
      "content": [
        {
          "type": "Text",
          "value": {
            "string": "A table:"
          }
        }
      ]
    },
    {
      "type": "Table",
      "caption": [
        {
          "type": "Paragraph",
          "content": [
            {
              "type": "Text",
              "value": {
                "string": "A little table about fish."
              }
            }
          ]
        },
        {
          "type": "Paragraph",
          "content": [
            {
              "type": "Text",
              "value": {
                "string": "This caption has two paragraphs."
              }
            }
          ]
        }
      ],
      "rows": [
        {
          "type": "TableRow",
          "cells": [
            {
              "type": "TableCell",
              "content": [
                {
                  "type": "Paragraph",
                  "content": [
                    {
                      "type": "Text",
                      "value": {
                        "string": "Species"
                      }
                    }
                  ]
                }
              ]
            },
            {
              "type": "TableCell",
              "content": [
                {
                  "type": "Paragraph",
                  "content": [
                    {
                      "type": "Text",
                      "value": {
                        "string": "Average Length (cm)"
                      }
                    }
                  ]
                }
              ]
            },
            {
              "type": "TableCell",
              "content": [
                {
                  "type": "Paragraph",
                  "content": [
                    {
                      "type": "Text",
                      "value": {
                        "string": "Average Weight (kg)"
                      }
                    }
                  ]
                }
              ]
            }
          ],
          "rowType": "HeaderRow"
        },
        {
          "type": "TableRow",
          "cells": [
            {
              "type": "TableCell",
              "content": [
                {
                  "type": "Paragraph",
                  "content": [
                    {
                      "type": "Text",
                      "value": {
                        "string": "Goldfish"
                      }
                    }
                  ]
                }
              ]
            },
            {
              "type": "TableCell",
              "content": [
                {
                  "type": "Paragraph",
                  "content": [
                    {
                      "type": "Text",
                      "value": {
                        "string": "20.0"
                      }
                    }
                  ]
                }
              ]
            },
            {
              "type": "TableCell",
              "content": [
                {
                  "type": "Paragraph",
                  "content": [
                    {
                      "type": "Text",
                      "value": {
                        "string": "0.45"
                      }
                    }
                  ]
                }
              ]
            }
          ]
        },
        {
          "type": "TableRow",
          "cells": [
            {
              "type": "TableCell",
              "content": [
                {
                  "type": "Paragraph",
                  "content": [
                    {
                      "type": "Text",
                      "value": {
                        "string": "Clownfish"
                      }
                    }
                  ]
                }
              ]
            },
            {
              "type": "TableCell",
              "content": [
                {
                  "type": "Paragraph",
                  "content": [
                    {
                      "type": "Text",
                      "value": {
                        "string": "10.0"
                      }
                    }
                  ]
                }
              ]
            },
            {
              "type": "TableCell",
              "content": [
                {
                  "type": "Paragraph",
                  "content": [
                    {
                      "type": "Text",
                      "value": {
                        "string": "0.25"
                      }
                    }
                  ]
                }
              ]
            }
          ]
        },
        {
          "type": "TableRow",
          "cells": [
            {
              "type": "TableCell",
              "content": [
                {
                  "type": "Paragraph",
                  "content": [
                    {
                      "type": "Text",
                      "value": {
                        "string": "Trout"
                      }
                    }
                  ]
                }
              ]
            },
            {
              "type": "TableCell",
              "content": [
                {
                  "type": "Paragraph",
                  "content": [
                    {
                      "type": "Text",
                      "value": {
                        "string": "40.0"
                      }
                    }
                  ]
                }
              ]
            },
            {
              "type": "TableCell",
              "content": [
                {
                  "type": "Paragraph",
                  "content": [
                    {
                      "type": "Text",
                      "value": {
                        "string": "1.50"
                      }
                    }
                  ]
                }
              ]
            }
          ]
        }
      ]
    },
    {
      "type": "Paragraph",
      "content": [
        {
          "type": "Text",
          "value": {
            "string": "Another table with a caption generated by code:"
          }
        }
      ]
    },
    {
      "type": "CodeChunk",
      "code": {
        "string": "head(mtcars)"
      },
      "programmingLanguage": "r",
      "labelType": "TableLabel",
      "caption": [
        {
          "type": "Paragraph",
          "content": [
            {
              "type": "Text",
              "value": {
                "string": "Some cars"
              }
            }
          ]
        }
      ]
    }
  ]
}