{
  "type": "Article",
  "authors": [
    {
      "type": "Person",
      "familyNames": [
        "Anderson"
      ],
      "givenNames": [
        "Anne"
      ],
      "honorificPrefix": "Dr."
    },
    {
      "type": "Organization",
      "name": "Acme Inc"
    },
    {
      "type": "Person",
      "familyNames": [
        "Andrews"
      ]
    }
  ],
  "dateCreated": {
    "type": "Date",
    "value": "2001-01-01"
  },
  "dateAccepted": {
    "type": "Date",
    "value": "2011-11-11"
  },
  "datePublished": {
    "type": "Date",
    "value": "2022-02-22"
  },
  "title": [
    {
      "type": "Text",
      "value": {
        "string": "Adding metadata to articles in Stencila"
      }
    }
  ],
  "content": [
    {
      "type": "Paragraph",
      "content": [
        {
          "type": "Text",
          "value": {
            "string": "An example article for testing metadata encoding in various formats. It illustrates Stencila's focus on the "
          }
        },
        {
          "type": "Link",
          "content": [
            {
              "type": "Text",
              "value": {
                "string": "Robustness Principle"
              }
            }
          ],
          "target": "https://en.wikipedia.org/wiki/Robustness_principle"
        },
        {
          "type": "Text",
          "value": {
            "string": ": "
          }
        },
        {
          "type": "QuoteInline",
          "content": [
            {
              "type": "Text",
              "value": {
                "string": "be conservative in what you do, be liberal in what you accept from others"
              }
            }
          ]
        },
        {
          "type": "Text",
          "value": {
            "string": ". Metadata can be added to YAML front-matter in Markdown documents in a variety of ways, and it is parsed into Stencila Schema nodes."
          }
        }
      ]
    }
  ],
  "funders": [
    {
      "type": "Organization",
      "name": "Example Inc"
    },
    {
      "type": "Person",
      "familyNames": [
        "Zenon"
      ],
      "givenNames": [
        "Zorro"
      ]
    }
  ]
}