{
  "type": "Article",
  "content": [
    {
      "type": "Paragraph",
      "content": [
        {
          "type": "Text",
          "value": {
            "string": "With a number output "
          }
        },
        {
          "type": "CodeExpression",
          "code": {
            "string": "6 * 7"
          },
          "programmingLanguage": "python",
          "output": 42
        },
        {
          "type": "Text",
          "value": {
            "string": "."
          }
        }
      ]
    },
    {
      "type": "Paragraph",
      "content": [
        {
          "type": "Text",
          "value": {
            "string": "With a string output "
          }
        },
        {
          "type": "CodeExpression",
          "code": {
            "string": "'a string'"
          },
          "programmingLanguage": "python",
          "output": "a string"
        },
        {
          "type": "Text",
          "value": {
            "string": "."
          }
        }
      ]
    },
    {
      "type": "Paragraph",
      "content": [
        {
          "type": "Text",
          "value": {
            "string": "With an array output "
          }
        },
        {
          "type": "CodeExpression",
          "code": {
            "string": "[1, 2, 3]"
          },
          "programmingLanguage": "python",
          "output": [
            1,
            2,
            3
          ]
        },
        {
          "type": "Text",
          "value": {
            "string": "."
          }
        }
      ]
    },
    {
      "type": "Paragraph",
      "content": [
        {
          "type": "Text",
          "value": {
            "string": "With an object output "
          }
        },
        {
          "type": "CodeExpression",
          "code": {
            "string": "dict(a=1,b=dict())"
          },
          "programmingLanguage": "python",
          "output": {
            "a": 1,
            "b": {}
          }
        },
        {
          "type": "Text",
          "value": {
            "string": "."
          }
        }
      ]
    },
    {
      "type": "Paragraph",
      "content": [
        {
          "type": "Text",
          "value": {
            "string": "With no language specified and no output "
          }
        },
        {
          "type": "CodeExpression",
          "code": {
            "string": "a + b"
          }
        },
        {
          "type": "Text",
          "value": {
            "string": "."
          }
        }
      ]
    },
    {
      "type": "Paragraph",
      "content": [
        {
          "type": "Text",
          "value": {
            "string": "With execution mode specified and no output "
          }
        },
        {
          "type": "CodeExpression",
          "executionMode": "Locked",
          "code": {
            "string": "c * d"
          },
          "programmingLanguage": "javascript"
        },
        {
          "type": "Text",
          "value": {
            "string": "."
          }
        }
      ]
    }
  ]
}