{
  "type": "Article",
  "content": [
    {
      "type": "Admonition",
      "admonitionType": "Note",
      "content": [
        {
          "type": "Paragraph",
          "content": [
            {
              "type": "Text",
              "value": {
                "string": "A note"
              }
            }
          ]
        }
      ]
    },
    {
      "type": "Admonition",
      "admonitionType": "Warning",
      "title": [
        {
          "type": "Text",
          "value": {
            "string": "With a title"
          }
        }
      ],
      "content": [
        {
          "type": "Paragraph",
          "content": [
            {
              "type": "Text",
              "value": {
                "string": "A warning"
              }
            }
          ]
        }
      ]
    },
    {
      "type": "Admonition",
      "admonitionType": "Success",
      "isFolded": false,
      "content": [
        {
          "type": "Paragraph",
          "content": [
            {
              "type": "Text",
              "value": {
                "string": "Foldable, but unfolded"
              }
            }
          ]
        }
      ]
    },
    {
      "type": "Admonition",
      "admonitionType": "Danger",
      "title": [
        {
          "type": "Text",
          "value": {
            "string": "Folded with a title"
          }
        }
      ],
      "isFolded": true,
      "content": [
        {
          "type": "Paragraph",
          "content": [
            {
              "type": "Text",
              "value": {
                "string": "Foldable"
              }
            }
          ]
        }
      ]
    },
    {
      "type": "Admonition",
      "admonitionType": "Tip",
      "title": [
        {
          "type": "Text",
          "value": {
            "string": "Nested admonitions"
          }
        }
      ],
      "content": [
        {
          "type": "Admonition",
          "admonitionType": "Info",
          "content": [
            {
              "type": "Admonition",
              "admonitionType": "Success",
              "content": [
                {
                  "type": "Paragraph",
                  "content": [
                    {
                      "type": "Text",
                      "value": {
                        "string": "This is the first inner-inner admonition"
                      }
                    }
                  ]
                }
              ]
            },
            {
              "type": "Admonition",
              "admonitionType": "Error",
              "content": [
                {
                  "type": "Paragraph",
                  "content": [
                    {
                      "type": "Text",
                      "value": {
                        "string": "This is the second inner-inner admonition"
                      }
                    }
                  ]
                }
              ]
            }
          ]
        }
      ]
    }
  ]
}