{
  "type": "Article",
  "content": [
    {
      "type": "Paragraph",
      "content": [
        {
          "type": "Text",
          "value": {
            "string": "Regular table"
          }
        }
      ]
    },
    {
      "type": "Table",
      "rows": [
        {
          "type": "TableRow",
          "cells": [
            {
              "type": "TableCell",
              "content": [
                {
                  "type": "Paragraph",
                  "content": [
                    {
                      "type": "Text",
                      "value": {
                        "string": "A"
                      }
                    }
                  ]
                }
              ]
            },
            {
              "type": "TableCell",
              "content": [
                {
                  "type": "Paragraph",
                  "content": [
                    {
                      "type": "Text",
                      "value": {
                        "string": "B"
                      }
                    }
                  ]
                }
              ]
            },
            {
              "type": "TableCell",
              "content": [
                {
                  "type": "Paragraph",
                  "content": [
                    {
                      "type": "Text",
                      "value": {
                        "string": "C"
                      }
                    }
                  ]
                }
              ]
            }
          ],
          "rowType": "HeaderRow"
        },
        {
          "type": "TableRow",
          "cells": [
            {
              "type": "TableCell",
              "content": [
                {
                  "type": "Paragraph",
                  "content": [
                    {
                      "type": "Text",
                      "value": {
                        "string": "1"
                      }
                    }
                  ]
                }
              ]
            },
            {
              "type": "TableCell",
              "content": [
                {
                  "type": "Paragraph",
                  "content": [
                    {
                      "type": "Text",
                      "value": {
                        "string": "2"
                      }
                    }
                  ]
                }
              ]
            },
            {
              "type": "TableCell",
              "content": [
                {
                  "type": "Paragraph",
                  "content": [
                    {
                      "type": "Text",
                      "value": {
                        "string": "3"
                      }
                    }
                  ]
                }
              ]
            }
          ]
        },
        {
          "type": "TableRow",
          "cells": [
            {
              "type": "TableCell",
              "content": [
                {
                  "type": "Paragraph",
                  "content": [
                    {
                      "type": "Text",
                      "value": {
                        "string": "4"
                      }
                    }
                  ]
                }
              ]
            },
            {
              "type": "TableCell",
              "content": [
                {
                  "type": "Paragraph",
                  "content": [
                    {
                      "type": "Text",
                      "value": {
                        "string": "5"
                      }
                    }
                  ]
                }
              ]
            },
            {
              "type": "TableCell",
              "content": [
                {
                  "type": "Paragraph",
                  "content": [
                    {
                      "type": "Text",
                      "value": {
                        "string": "6"
                      }
                    }
                  ]
                }
              ]
            }
          ]
        }
      ]
    },
    {
      "type": "Paragraph",
      "content": [
        {
          "type": "Text",
          "value": {
            "string": "Table with empty cells"
          }
        }
      ]
    },
    {
      "type": "Table",
      "rows": [
        {
          "type": "TableRow",
          "cells": [
            {
              "type": "TableCell",
              "content": [
                {
                  "type": "Paragraph",
                  "content": [
                    {
                      "type": "Text",
                      "value": {
                        "string": "D"
                      }
                    }
                  ]
                }
              ]
            },
            {
              "type": "TableCell",
              "content": [
                {
                  "type": "Paragraph",
                  "content": [
                    {
                      "type": "Text",
                      "value": {
                        "string": "E"
                      }
                    }
                  ]
                }
              ]
            }
          ],
          "rowType": "HeaderRow"
        },
        {
          "type": "TableRow",
          "cells": [
            {
              "type": "TableCell",
              "content": [
                {
                  "type": "Paragraph",
                  "content": [
                    {
                      "type": "Text",
                      "value": {
                        "string": "1"
                      }
                    }
                  ]
                }
              ]
            },
            {
              "type": "TableCell",
              "content": []
            }
          ]
        },
        {
          "type": "TableRow",
          "cells": [
            {
              "type": "TableCell",
              "content": []
            },
            {
              "type": "TableCell",
              "content": [
                {
                  "type": "Paragraph",
                  "content": [
                    {
                      "type": "Text",
                      "value": {
                        "string": "2"
                      }
                    }
                  ]
                }
              ]
            }
          ]
        }
      ]
    },
    {
      "type": "Paragraph",
      "content": [
        {
          "type": "Text",
          "value": {
            "string": "Table with label, caption & notes"
          }
        }
      ]
    },
    {
      "type": "Table",
      "label": "3",
      "labelAutomatically": false,
      "caption": [
        {
          "type": "Paragraph",
          "content": [
            {
              "type": "Text",
              "value": {
                "string": "The caption."
              }
            }
          ]
        }
      ],
      "rows": [
        {
          "type": "TableRow",
          "cells": [
            {
              "type": "TableCell",
              "content": [
                {
                  "type": "Paragraph",
                  "content": [
                    {
                      "type": "Text",
                      "value": {
                        "string": "A"
                      }
                    }
                  ]
                }
              ]
            },
            {
              "type": "TableCell",
              "content": [
                {
                  "type": "Paragraph",
                  "content": [
                    {
                      "type": "Text",
                      "value": {
                        "string": "B"
                      }
                    }
                  ]
                }
              ]
            }
          ],
          "rowType": "HeaderRow"
        },
        {
          "type": "TableRow",
          "cells": [
            {
              "type": "TableCell",
              "content": [
                {
                  "type": "Paragraph",
                  "content": [
                    {
                      "type": "Text",
                      "value": {
                        "string": "1"
                      }
                    }
                  ]
                }
              ]
            },
            {
              "type": "TableCell",
              "content": [
                {
                  "type": "Paragraph",
                  "content": [
                    {
                      "type": "Text",
                      "value": {
                        "string": "2"
                      }
                    }
                  ]
                }
              ]
            }
          ]
        }
      ],
      "notes": [
        {
          "type": "Paragraph",
          "content": [
            {
              "type": "Text",
              "value": {
                "string": "Some notes."
              }
            }
          ]
        }
      ]
    }
  ]
}